{"mean":{"confidence_interval":{"confidence_level":0.95,"lower_bound":-0.00026593227065859404,"upper_bound":0.0037880294682035576},"point_estimate":0.0015377992114118388,"standard_error":0.0009810862357154586},"median":{"confidence_interval":{"confidence_level":0.95,"lower_bound":-0.0008253983842838597,"upper_bound":0.0044673073260139695},"point_estimate":-0.00006338721194498742,"standard_error":0.0012678941407620796}}