{"mean":{"confidence_interval":{"confidence_level":0.95,"lower_bound":803449129.1,"upper_bound":806744187.2},"point_estimate":804979287.4,"standard_error":844797.340658913},"median":{"confidence_interval":{"confidence_level":0.95,"lower_bound":803126312.5,"upper_bound":807182583.0},"point_estimate":803541750.0,"standard_error":1082418.4583182852},"median_abs_dev":{"confidence_interval":{"confidence_level":0.95,"lower_bound":191501.5082001686,"upper_bound":4289965.293037891},"point_estimate":785777.9860496521,"standard_error":1103000.318735752},"slope":null,"std_dev":{"confidence_interval":{"confidence_level":0.95,"lower_bound":482987.6930781294,"upper_bound":3499643.5143759428},"point_estimate":2803916.728949473,"standard_error":660397.5269433557}}