{"mean":{"confidence_interval":{"confidence_level":0.95,"lower_bound":-0.0019066426313520796,"upper_bound":0.015755142038260624},"point_estimate":0.006950727935110423,"standard_error":0.004546377787897621},"median":{"confidence_interval":{"confidence_level":0.95,"lower_bound":-0.0032291197812959194,"upper_bound":0.023047961434863318},"point_estimate":0.004036042363412706,"standard_error":0.006166013831269932}}